,epsilon_progress,hypervolume,nfe
0,0,0.0,0
1,6,0.026721491833069135,100
2,186,0.1630200718084523,1199
3,465,0.19173856265570635,2296
4,702,0.20300916456001414,3394
