,epsilon_progress,hypervolume,nfe
0,0,0.0,0
1,4,0.060738254178943865,100
2,207,0.16267320812444697,1193
3,526,0.18798855572859113,2291
4,792,0.2044076171419461,3385
5,996,0.2088325114719423,4483
6,1173,0.21094577753540644,5581
7,1345,0.21263480867880843,6675
8,1508,0.21550896232615002,7771
9,1663,0.2175912873941943,8771
10,1806,0.21836849178953338,9868
11,1821,0.21849820506389372,12257
